barcode,catalog_no,order,family,family_name,collector_name,year_collected,country,province_state,ezid
1160457,99194,Solanales,Hydrophyllaceae,Waterleaf family,C. D. Walcott,1900,United States,Colorado,http://n2t.net/ark:/65665/30a751787-3a18-4f16-87e4-5a8897e19819
3089925,80416,Apiales,Apiaceae,Umbellifers ,C. D. Walcott,1900,United States,New Mexico,http://n2t.net/ark:/65665/3d8b58966-9a8b-4b3b-9ec4-7174f29be951
3088994,80403,Apiales,Apiaceae,Umbellifers,C. D. Walcott,1900,United States,New Mexico,http://n2t.net/ark:/65665/3c0f352f5-2101-4057-92b1-6f807b109bcf
1805301,27505,Asterales,Asteraceae,Daisy family ,C. D. Walcott,1900,United States,New Mexico,http://n2t.net/ark:/65665/3db47f2f9-1144-47d3-bdae-e962d2768ea3
2180001,,Asterales,Asteraceae,Daisy family ,C. D. Walcott,1900,United States,New Mexico,http://n2t.net/ark:/65665/3cd015798-9922-4328-b5bb-6caad7fa8793
1695516,67945,Asterales,Asteraceae,Daisy family ,C. D. Walcott,1900,United States,New Mexico,http://n2t.net/ark:/65665/39633027c-8cff-40f8-9b9d-44ca366c850e
903985,94672,Asterales,Campanulaceae,Bellflower family,C. D. Walcott,1900,United States,New Mexico,http://n2t.net/ark:/65665/3095cf38f-2059-429a-958e-a400a6c20b1c
2332553,,Rosales,Fabaceae,legumes,C. D. Walcott,1900,United States,New Mexico,http://n2t.net/ark:/65665/3c5e2c7b4-f46a-4750-9c9c-f7fc0f93703c
2033952,,Rosales,Fabaceae,legumes,C. D. Walcott,1900,United States,New Mexico,http://n2t.net/ark:/65665/33970c5f8-aeee-411f-92dd-611df0d264f4
1271837,102663,Myrtales,Onagraceae,Evening primroses,C. D. Walcott,1900,United States,New Mexico,http://n2t.net/ark:/65665/3fd6263a6-d8b2-4909-8c7a-c4ff3f20f4f1
95527,47980,Rosales,Rosaceae,Rose family,C. D. Walcott,1900,United States,New Mexico,http://n2t.net/ark:/65665/363015cd3-a643-4ff1-a8b0-dd46c9ece2b3
178076,3046523,Caryophyllales,Cactaceae,Cactus,C. D. Walcott,1905,Canada,Alberta,http://n2t.net/ark:/65665/360a320f8-e882-4925-8dff-188e6981862b
173042,1434394,Caryophyllales,Cactaceae,Cactus,C. D. Walcott,1905,United States,Arizona,http://n2t.net/ark:/65665/3406c42be-ab81-4e46-ae21-64bd64a7f229
2283849,1434402,Rosales,Fabaceae,legumes,C. D. Walcott,1905,United States,California,http://n2t.net/ark:/65665/304a5f23c-2950-43ab-a453-5362cef15bf1
2286389,1622315,Rosales,Fabaceae,legumes,C. D. Walcott,1905,United States,California,http://n2t.net/ark:/65665/303a7bb5f-59ee-4e95-99fe-ffacc1ea6c6a
1232353,1434397,Myrtales,Onagraceae,Evening primroses,C. D. Walcott,1905,United States,California,http://n2t.net/ark:/65665/31c62d193-813b-415e-9dd7-b01b535d7f15
3128388,1699658,Primulales,Primulaceae,Primroses,C. D. Walcott,1905,United States,California,http://n2t.net/ark:/65665/3cef913ed-d00d-4c24-9cef-59d8bbf92d41
3105900,1434405,Ericales,Pyrolaceae,Heather family,C. D. Walcott,1905,United States,California,http://n2t.net/ark:/65665/3a37c8e5d-3c09-4788-bba6-9db12b14c07b
3029721,1699659,Violales,Loasaceae,Loasa family,C. D. Walcott,1905,United States,Nevada,http://n2t.net/ark:/65665/38a99929a-16f2-4afe-aac9-83b5b04e0745
2744518,,Coniferales,Pinaceae,Pine family,C. D. Walcott,1905,United States,Nevada,http://n2t.net/ark:/65665/3d7d39d70-7f7e-4eb3-8e66-b91cbf51ee13
2744927,1434393,Coniferales,Pinaceae,Pine family,C. D. Walcott,1905,United States,Nevada,http://n2t.net/ark:/65665/351193915-9b1d-46f1-9931-99e54ecc9b57
3146473,1582093,Solanales,Convolvulaceae,Morning-glories,C. D. Walcott,1905,Canada,New Brunswick,http://n2t.net/ark:/65665/301d1f878-5b3b-426e-9d37-620a85101af6
1831171,48762,Asterales,Asteraceae,Daisy family ,C. D. Walcott,1905,United States,New Mexico,http://n2t.net/ark:/65665/3f709f71c-516c-495b-80d2-1f12c8194156
2285143,20579,Rosales,Fabaceae,legumes,C. D. Walcott,1905,United States,New Mexico,http://n2t.net/ark:/65665/345243316-4ffa-4343-b407-65e2eaa6f214
2857016,1567163,Scrophulariales,Acanthaceae,Acanthus Family,C. D. Walcott,1905,United States,Tennessee,http://n2t.net/ark:/65665/32e6bd4c1-5f87-4a25-a771-fc3dd1ffd4fb
2980305,1622311,Ericales,Ericaceae,Heather family,C. D. Walcott,1905,United States,Tennessee,http://n2t.net/ark:/65665/3a0759016-d9ae-4cee-9915-88850c77a796
2958196,1567160,Ericales,Ericaceae,Heather family,C. D. Walcott,1905,United States,Tennessee,http://n2t.net/ark:/65665/30f95115e-494c-439e-9377-666a170be53c
3159752,1567164,Gentianales,Loganiaceae,Loganiaceae,C. D. Walcott,1905,United States,Tennessee,http://n2t.net/ark:/65665/338d8acf9-4316-40f4-ae03-9fc42b0af60c
77079,1567161,Orchidales,Orchidaceae,Orchids,C. D. Walcott,1905,United States,Tennessee,http://n2t.net/ark:/65665/38a5586f9-d899-427d-b8cf-f1125252c3e8
380916,1010214,Rosales,Rosaceae,Rose family,C. D. Walcott,1919,United States,Maryland,http://n2t.net/ark:/65665/30e222fb2-8201-41b6-ac51-8d18aa74c69a
380917,1010215,Rosales,Rosaceae,Rose family,C. D. Walcott,1919,United States,Maryland,http://n2t.net/ark:/65665/3ac19c7d5-7544-436e-a93d-7795fafcd549
395790,1010216,Liliales,Liliaceae,Lilies,C. D. Walcott,1919,United States,Maryland,http://n2t.net/ark:/65665/317b81362-2836-41eb-b9fe-7475da85a278
378370,1110865,Papaverales,Papaveraceae,Poppies,C. D. Walcott,1922,United States,District of Columbia,http://n2t.net/ark:/65665/3d6e27814-90a1-455f-814f-a3487b05aa40
2276912,1534566,Rosales,Fabaceae,legumes,C. D. Walcott,1932,United States,Oklahoma,http://n2t.net/ark:/65665/393e85802-38dc-4429-b21f-69ddaa9a078a
2068133,1580574,Coniferales,Pinaceae,Pine family,C. D. Walcott,1932,United States,Tennessee,http://n2t.net/ark:/65665/37ee94c46-fa9a-47a9-9d6f-3f15af211fc4
2334309,1622320,Rosales,Fabaceae,legumes,C. D. Walcott,1934,United States,Arkansas,http://n2t.net/ark:/65665/3881538c4-373e-401f-b8b0-12e17eb4348f
531654,1622312,Lamiales,Lamiaceae,Mints,C. D. Walcott,1934,United States,Tennessee,http://n2t.net/ark:/65665/344b155c4-2d3b-4fa0-82ce-8d5a6bf637c6
3177503,1699655,Solanales,Polemoniaceae,Pholox family,C. D. Walcott,1936,United States,California,http://n2t.net/ark:/65665/3bfc6204c-b5fd-4298-ab6e-1f71364f5586
2297565,1730909,Rosales,Fabaceae,legumes,C. D. Walcott,1937,United States,Colorado,http://n2t.net/ark:/65665/35e002829-9503-468e-90a7-d2aaffdefb1c
3091669,1730908,Apiales,Apiaceae,Umbellifers ,C. D. Walcott,1938,United States,Arizona,http://n2t.net/ark:/65665/39d0804dd-71b3-40e1-b933-0b654356cc80
1439346,1730907,Asterales,Asteraceae,Daisy family ,C. D. Walcott,1938,United States,Arizona,http://n2t.net/ark:/65665/353d97226-aff9-4a08-b5a3-aaf297416891
2440478,1730906,Rosales,Fabaceae,legumes,C. D. Walcott,1938,United States,Arizona,http://n2t.net/ark:/65665/3dcf25b97-3a00-4f41-861c-e0c4f46862bd
3173931,1730905,Solanales,Polemoniaceae,Pholox family,C. D. Walcott,1938,United States,Arizona,http://n2t.net/ark:/65665/3959fd42f-6a20-41eb-803b-33e1ab44c04e
3190806,1730904,Lamiales,Verbenaceae,Vervain family,C. D. Walcott,1938,United States,Arizona,http://n2t.net/ark:/65665/36423991f-24b0-43a7-bd63-880c098528c2
3119721,1730910,Primulales,Primulaceae,Primroses,C. D. Walcott,1938,United States,Utah,http://n2t.net/ark:/65665/304ae540f-2021-4472-91f5-4b28adf36f86
1927186,,Coniferales,Pinaceae,Pine family,C. D. Walcott,,United States,California,http://n2t.net/ark:/65665/31d29b6f9-6e8c-4fb2-bf7d-3b96f58fe6d8
1927164,,Coniferales,Pinaceae,Pine family,C. D. Walcott,,United States,California,http://n2t.net/ark:/65665/3fe0ad311-0612-44ec-a574-e8f8644bb34b
1355660,208828,Myrtales,Onagraceae,Evening primroses,M. V. Walcott,1900,Mexico,Colima,http://n2t.net/ark:/65665/38d98265a-6fb0-4c82-8f8c-26182c87d016
1776538,1836923,Asterales,Asteraceae,Daisy family ,M. V. Walcott,1905,United States,California,http://n2t.net/ark:/65665/35cb8942c-761e-4db1-b692-f82f6a6d22d4
2330073,1836929,Rosales,Fabaceae,legumes,M. V. Walcott,1905,United States,California,http://n2t.net/ark:/65665/38b0d4a72-c661-4c16-8d68-bba76db0213e
1505123,1433991,Polypodiales,Aspleniaceae,Spleenworts,M. V. Walcott,1905,Canada,Alberta,http://n2t.net/ark:/65665/30b628e8a-996f-4e00-8b40-759f94b62811
2175226,1434014,Asterales,Asteraceae,Daisy family ,M. V. Walcott,1905,Canada,Alberta,http://n2t.net/ark:/65665/33d1e3148-4cc2-44e2-bf6f-76ddae127c8b
2175227,1434011,Asterales,Asteraceae,Daisy family ,M. V. Walcott,1905,Canada,Alberta,http://n2t.net/ark:/65665/3591ceec4-7760-416a-af12-0a1cf3015002
2175597,1433976,Asterales,Asteraceae,Daisy family ,M. V. Walcott,1905,Canada,Alberta,http://n2t.net/ark:/65665/3c70d39ca-8130-4f30-918f-99c4a5ab1cf3
1730249,1434002,Asterales,Asteraceae,Daisy family ,M. V. Walcott,1905,Canada,Alberta,http://n2t.net/ark:/65665/3348c45f7-e766-43d6-a8f3-c8897af66c3a
1732932,1433979,Asterales,Asteraceae,Daisy family ,M. V. Walcott,1905,Canada,Alberta,http://n2t.net/ark:/65665/3c8af1fae-e004-449b-92dd-b9e42722f1ee
1802336,1433977,Asterales,Asteraceae,Daisy family ,M. V. Walcott,1905,Canada,Alberta,http://n2t.net/ark:/65665/3b0e168b8-de28-4008-ad4f-bdaf7c37c82f
1802472,1619159,Asterales,Asteraceae,Daisy family ,M. V. Walcott,1905,Canada,Alberta,http://n2t.net/ark:/65665/30cdbd061-b0df-40ba-9889-87aee54af7f2
1803281,1433978,Asterales,Asteraceae,Daisy family ,M. V. Walcott,1905,Canada,Alberta,http://n2t.net/ark:/65665/38a5e57f0-2406-4ca3-972b-a3c7b290c834
1712928,1433984,Asterales,Asteraceae,Daisy family ,M. V. Walcott,1905,Canada,Alberta,http://n2t.net/ark:/65665/37482693d-f633-45f1-86b8-3f5374073d31
1713180,1434013,Asterales,Asteraceae,Daisy family ,M. V. Walcott,1905,Canada,Alberta,http://n2t.net/ark:/65665/3d14f38fd-2bbc-4e37-9df5-c1a54bfb5a82
1830356,1433992,Asterales,Asteraceae,Daisy family ,M. V. Walcott,1905,Canada,Alberta,http://n2t.net/ark:/65665/345c00223-5ce8-44a2-807f-63a2a9b1e7e4
2903965,1433998,Lamiales,Boraginaceae,Borages ,M. V. Walcott,1905,Canada,Alberta,http://n2t.net/ark:/65665/3d97811a9-7f07-41b4-8a8e-2c35b4319407
2910828,1434018,Lamiales,Boraginaceae,Borages ,M. V. Walcott,1905,Canada,Alberta,http://n2t.net/ark:/65665/3f213178b-6a95-484f-a0ad-ae4b703d7678
178076,3046523,Caryophyllales,Cactaceae,Cactus,M. V. Walcott,1905,Canada,Alberta,http://n2t.net/ark:/65665/360a320f8-e882-4925-8dff-188e6981862b
2985124,1434024,Ericales,Ericaceae,Heather family,M. V. Walcott,1905,Canada,Alberta,http://n2t.net/ark:/65665/31109a141-130f-46f7-a2e2-700958b4e00e
2985125,1434010,Ericales,Ericaceae,Heather family,M. V. Walcott,1905,Canada,Alberta,http://n2t.net/ark:/65665/3153b3b20-4780-43d7-b7ad-e69c67a6e446
2990780,1085844,Ericales,Ericaceae,Heather family,M. V. Walcott,1905,Canada,Alberta,http://n2t.net/ark:/65665/3d25df81a-0290-4538-8599-10c3838cd7f2
2328565,1085870,Rosales,Fabaceae,legumes,M. V. Walcott,1905,Canada,Alberta,http://n2t.net/ark:/65665/3285ec8bf-66be-4681-b347-cb9071818ce4
2331370,1085868,Rosales,Fabaceae,legumes,M. V. Walcott,1905,Canada,Alberta,http://n2t.net/ark:/65665/3d87f0202-8548-4cdb-bc47-99749fed2b55
2042391,1085866,Rosales,Fabaceae,legumes,M. V. Walcott,1905,Canada,Alberta,http://n2t.net/ark:/65665/31b7d9197-4c8c-4c85-a00e-9fe8a8b6bd61
2042629,1433995,Rosales,Fabaceae,legumes,M. V. Walcott,1905,Canada,Alberta,http://n2t.net/ark:/65665/3fa95ac99-950c-4e01-87e4-fb4fbe6d50ae
2042630,1434015,Rosales,Fabaceae,legumes,M. V. Walcott,1905,Canada,Alberta,http://n2t.net/ark:/65665/32e9f06c0-c480-4070-9a04-f071410cefd5
2040526,1085867,Rosales,Fabaceae,legumes,M. V. Walcott,1905,Canada,Alberta,http://n2t.net/ark:/65665/3afcca987-3dc3-44db-bd4b-dd32d0e14a56
2445158,1085872,Rosales,Fabaceae,legumes,M. V. Walcott,1905,Canada,Alberta,http://n2t.net/ark:/65665/382f378a8-5ac6-47c3-a17e-3688e8882ddc
3238042,1433983,Gentianales,Gentianaceae,Gentians,M. V. Walcott,1905,Canada,Alberta,http://n2t.net/ark:/65665/34f8de43c-3dde-426c-9d37-6ec26d18050c
3237292,1085842,Gentianales,Gentianaceae,Gentians,M. V. Walcott,1905,Canada,Alberta,http://n2t.net/ark:/65665/35caa0548-47eb-449d-b98e-187d53aca3fb
3237568,1433999,Gentianales,Gentianaceae,Gentians,M. V. Walcott,1905,Canada,Alberta,http://n2t.net/ark:/65665/35305a056-942e-4d21-8b7c-78e0fe64da0c
3187543,1434006,Solanales,Hydrophyllaceae,Waterleaf family,M. V. Walcott,1905,Canada,Alberta,http://n2t.net/ark:/65665/3e9589f45-c1e6-4be5-b592-89458097cd36
3187686,1434007,Solanales,Hydrophyllaceae,Waterleaf family,M. V. Walcott,1905,Canada,Alberta,http://n2t.net/ark:/65665/3189c95f1-8394-4d12-ae9e-38567e368a94
2064083,1433993,Coniferales,Pinaceae,Pine family,M. V. Walcott,1905,Canada,Alberta,http://n2t.net/ark:/65665/3bc847827-f1a0-4e44-a982-1a12c7e6c85d
2744813,,Coniferales,Pinaceae,Pine family,M. V. Walcott,1905,Canada,Alberta,http://n2t.net/ark:/65665/322e2bad5-70ab-4955-9b9e-7a46df1d99c7
3123158,1434019,Primulales,Primulaceae,Primroses,M. V. Walcott,1905,Canada,Alberta,http://n2t.net/ark:/65665/3d7a0277a-fea2-4b67-b268-ddfc4d67c115
3011436,1433985,Violales,Violaceae,Violet family,M. V. Walcott,1905,Canada,Alberta,http://n2t.net/ark:/65665/309fc84de-e783-4c72-b004-ce53a8e78945
1756012,1534410,Asterales,Asteraceae,Daisy family ,M. V. Walcott,1905,United States,Arizona,http://n2t.net/ark:/65665/38e7c3b05-3c09-4e7e-b769-316d3ccd9d43
2307982,1631697,Rosales,Fabaceae,legumes,M. V. Walcott,1905,United States,Arizona,http://n2t.net/ark:/65665/3ba56d894-c5c1-4d88-ac68-7e05de5e2160
991574,1534409,Myrtales,Onagraceae,Evening primroses,M. V. Walcott,1905,United States,Arizona,http://n2t.net/ark:/65665/3aec9bddd-32f3-48b4-9860-69a819aa4e3d
77141,1631700,Orchidales,Orchidaceae,Orchids,M. V. Walcott,1905,United States,Arizona,http://n2t.net/ark:/65665/3db186ffd-b9b2-47fc-8fec-5f19134cff54
1505093,1085903,Polypodiales,Aspleniaceae,Spleenworts,M. V. Walcott,1905,Canada,British Columbia,http://n2t.net/ark:/65665/3a5068220-9b03-4edf-8d70-decbe4c65dcc
2175211,1085826,Asterales,Asteraceae,Daisy family ,M. V. Walcott,1905,Canada,British Columbia,http://n2t.net/ark:/65665/3c3ae3c33-9b9e-43c3-a8ad-56a478375863
2175229,888543,Asterales,Asteraceae,Daisy family ,M. V. Walcott,1905,Canada,British Columbia,http://n2t.net/ark:/65665/35dd501a3-d716-495a-aed9-df93cf93dbb9
2175598,1085825,Asterales,Asteraceae,Daisy family ,M. V. Walcott,1905,Canada,British Columbia,http://n2t.net/ark:/65665/300170f6c-45da-47f9-8cf3-48dc7def40a2
2175599,1085824,Asterales,Asteraceae,Daisy family ,M. V. Walcott,1905,Canada,British Columbia,http://n2t.net/ark:/65665/373f14e3e-44fa-4ac4-9911-54b9d3634e5b
1734346,1085810,Asterales,Asteraceae,Daisy family ,M. V. Walcott,1905,Canada,British Columbia,http://n2t.net/ark:/65665/3866b4711-3a4e-4bb0-8315-34469cc3d92a
1731068,1085812,Asterales,Asteraceae,Daisy family ,M. V. Walcott,1905,Canada,British Columbia,http://n2t.net/ark:/65665/3197ef0e7-bf3a-4980-ba6e-7cdd98648148
1816416,1085809,Asterales,Asteraceae,Daisy family ,M. V. Walcott,1905,Canada,British Columbia,http://n2t.net/ark:/65665/3a6485060-bb55-4020-a17a-dcacf2c556dc
2177130,1085823,Asterales,Asteraceae,Daisy family ,M. V. Walcott,1905,Canada,British Columbia,http://n2t.net/ark:/65665/3f15bd557-37d6-4ca1-86cf-ab8771743095
1710400,1085817,Asterales,Asteraceae,Daisy family ,M. V. Walcott,1905,Canada,British Columbia,http://n2t.net/ark:/65665/3a0bf95fd-699d-434e-89c3-568568fc3aaf
1710549,1085816,Asterales,Asteraceae,Daisy family ,M. V. Walcott,1905,Canada,British Columbia,http://n2t.net/ark:/65665/31044cd76-dbc9-4aaa-bba2-3b7b21b46ad3
1710812,1085819,Asterales,Asteraceae,Daisy family ,M. V. Walcott,1905,Canada,British Columbia,http://n2t.net/ark:/65665/30ff5fba6-11ce-48ee-8d08-d7d177227b98
1711211,1433959,Asterales,Asteraceae,Daisy family ,M. V. Walcott,1905,Canada,British Columbia,http://n2t.net/ark:/65665/3d09dc3d2-3c80-445e-a057-41be4f369c23
1712924,1085818,Asterales,Asteraceae,Daisy family ,M. V. Walcott,1905,Canada,British Columbia,http://n2t.net/ark:/65665/3fa2b8860-cc1c-425f-a08e-1b23b848aa38
1712952,1433960,Asterales,Asteraceae,Daisy family ,M. V. Walcott,1905,Canada,British Columbia,http://n2t.net/ark:/65665/368a9b40b-6b5a-463c-993a-07f930cfbca8
1712953,1433961,Asterales,Asteraceae,Daisy family ,M. V. Walcott,1905,Canada,British Columbia,http://n2t.net/ark:/65665/3ea1d7eeb-ea18-43f1-9b04-a75a362c699c
1706262,1085924,Asterales,Asteraceae,Daisy family ,M. V. Walcott,1905,Canada,British Columbia,http://n2t.net/ark:/65665/36881b722-17c6-449e-bbd6-10e42d3eb625
2180102,1085822,Asterales,Asteraceae,Daisy family ,M. V. Walcott,1905,Canada,British Columbia,http://n2t.net/ark:/65665/31f325668-72d2-4ede-b654-e116dc788534
1830546,1085815,Asterales,Asteraceae,Daisy family ,M. V. Walcott,1905,Canada,British Columbia,http://n2t.net/ark:/65665/32894e523-fc6d-4f28-b583-3884df7804c3
1830931,1085813,Asterales,Asteraceae,Daisy family ,M. V. Walcott,1905,Canada,British Columbia,http://n2t.net/ark:/65665/3bd1405c4-f0b5-4a46-a80c-e0b9140bf759
1824616,1085808,Asterales,Asteraceae,Daisy family ,M. V. Walcott,1905,Canada,British Columbia,http://n2t.net/ark:/65665/3f34fd883-5b90-4e65-bbf3-cd469a7357dc
2154819,1085811,Asterales,Asteraceae,Daisy family ,M. V. Walcott,1905,Canada,British Columbia,http://n2t.net/ark:/65665/3a132b2a0-487c-4792-aa45-8f765b8dbd13
1834613,1433966,Asterales,Asteraceae,Daisy family ,M. V. Walcott,1905,Canada,British Columbia,http://n2t.net/ark:/65665/3299b039e-5cfa-4ee5-8728-917101cb5968
1686080,1085821,Asterales,Asteraceae,Daisy family ,M. V. Walcott,1905,Canada,British Columbia,http://n2t.net/ark:/65665/3c3ce0514-c548-4958-9eef-809248099eac
1863109,1433950,Asterales,Asteraceae,Daisy family ,M. V. Walcott,1905,Canada,British Columbia,http://n2t.net/ark:/65665/37e5cf710-1eee-4b93-a6f0-b36395aaddd0
1529758,1085906,Polypodiales,Athyriaceae,Lady fern,M. V. Walcott,1905,Canada,British Columbia,http://n2t.net/ark:/65665/3ba9124c7-ea36-4bcd-8af5-b562e0f2da8e
2910827,1433962,Lamiales,Boraginaceae,Borages ,M. V. Walcott,1905,Canada,British Columbia,http://n2t.net/ark:/65665/3826743fa-bff3-4b65-b58e-4ea097985206
903811,917978,Asterales,Campanulaceae,Bellflower family,M. V. Walcott,1905,Canada,British Columbia,http://n2t.net/ark:/65665/3351f0734-9d36-43aa-b76a-a6758a95b942
492130,1085829,Asterales,Campanulaceae,Bellflower family,M. V. Walcott,1905,Canada,British Columbia,http://n2t.net/ark:/65665/3b0dbb19c-b302-4275-b7b0-7c6ab9b671ea
2768245,1085832,Dipsacales,Caprifoliaceae,Honeysuckle family,M. V. Walcott,1905,Canada,British Columbia,http://n2t.net/ark:/65665/34739cd01-cc2a-42a1-8dd2-514c689e7d45
2768252,888533,Dipsacales,Caprifoliaceae,Honeysuckle family,M. V. Walcott,1905,Canada,British Columbia,http://n2t.net/ark:/65665/3c7289e03-da4b-4879-aa16-8d95c5cb7f65
2789372,1085925,Dipsacales,Caprifoliaceae,Honeysuckle family,M. V. Walcott,1905,Canada,British Columbia,http://n2t.net/ark:/65665/3f1ca68d9-e1a8-44ed-97c0-2d3dff2c2469
2789420,1085830,Dipsacales,Caprifoliaceae,Honeysuckle family,M. V. Walcott,1905,Canada,British Columbia,http://n2t.net/ark:/65665/33fb9bfe7-34ac-4337-bdec-c8213d9a3b8c
3099143,1085857,Cornales,Cornaceae,Dogwoods,M. V. Walcott,1905,Canada,British Columbia,http://n2t.net/ark:/65665/39068bb6b-ddf1-4da7-ab4e-0f349b354cba
2077227,1433956,Cyperales,Cyperaceae,Sedges,M. V. Walcott,1905,Canada,British Columbia,http://n2t.net/ark:/65665/35c3e36d2-7b5a-47b4-8093-06e90cbcfd16
1501674,1085905,Polypodiales,Cystopteridaceae,Cystopteridaceae,M. V. Walcott,1905,Canada,British Columbia,http://n2t.net/ark:/65665/35a8077f3-7b7d-468a-b8a5-9059064ede76
1557242,1085904,Polypodiales,Dryopteridaceae,Wood ferns,M. V. Walcott,1905,Canada,British Columbia,http://n2t.net/ark:/65665/3e2f4d359-3a71-4550-8e4c-93d447127d00
2981960,1085853,Ericales,Ericaceae,Heather family,M. V. Walcott,1905,Canada,British Columbia,http://n2t.net/ark:/65665/37e499a91-80f4-47ef-a501-1aa8aff233ca
2980899,1433968,Ericales,Ericaceae,Heather family,M. V. Walcott,1905,Canada,British Columbia,http://n2t.net/ark:/65665/3683ae65f-ed20-4473-9ce7-e6e62fdfe5e4
2980900,1085849,Ericales,Ericaceae,Heather family,M. V. Walcott,1905,Canada,British Columbia,http://n2t.net/ark:/65665/31d4790c1-8ed8-44bc-96a4-ec364d2f85d5
2980061,1085846,Ericales,Ericaceae,Heather family,M. V. Walcott,1905,Canada,British Columbia,http://n2t.net/ark:/65665/3fd15ea23-e251-41a1-8ca5-d16c5ee20dbb
2981362,1085850,Ericales,Ericaceae,Heather family,M. V. Walcott,1905,Canada,British Columbia,http://n2t.net/ark:/65665/3159e5b7e-ac40-4095-a9ab-8a7493e33139
2981497,1085852,Ericales,Ericaceae,Heather family,M. V. Walcott,1905,Canada,British Columbia,http://n2t.net/ark:/65665/353c79931-0c48-439b-a25a-2cf5d9f64ed2
2981580,1433967,Ericales,Ericaceae,Heather family,M. V. Walcott,1905,Canada,British Columbia,http://n2t.net/ark:/65665/3d0b2677f-4cde-4dbb-b766-e1d784540061
2981582,1085851,Ericales,Ericaceae,Heather family,M. V. Walcott,1905,Canada,British Columbia,http://n2t.net/ark:/65665/3518ab4ea-c3d4-42ae-9fda-8b4572acd270
2957512,1085848,Ericales,Ericaceae,Heather family,M. V. Walcott,1905,Canada,British Columbia,http://n2t.net/ark:/65665/35889e57c-ddda-4e0f-a68a-d79ed2df5ee9
2987501,888542,Ericales,Ericaceae,Heather family,M. V. Walcott,1905,Canada,British Columbia,http://n2t.net/ark:/65665/39e79e03d-07e6-450f-bbfe-edfd70af3659
2989552,1085845,Ericales,Ericaceae,Heather family,M. V. Walcott,1905,Canada,British Columbia,http://n2t.net/ark:/65665/3e23e7b97-601a-482d-96c0-e534072ec55f
2328602,1433963,Rosales,Fabaceae,legumes,M. V. Walcott,1905,Canada,British Columbia,http://n2t.net/ark:/65665/3fa0ed5d2-163a-4d3a-8061-0ad3d9d40ff7
2329526,1085869,Rosales,Fabaceae,legumes,M. V. Walcott,1905,Canada,British Columbia,http://n2t.net/ark:/65665/339a3e258-cfef-4484-98ca-36319a04017f
2329527,1085871,Rosales,Fabaceae,legumes,M. V. Walcott,1905,Canada,British Columbia,http://n2t.net/ark:/65665/37affd49c-97eb-45a4-a19f-16b613c3e367
2042615,1085864,Rosales,Fabaceae,legumes,M. V. Walcott,1905,Canada,British Columbia,http://n2t.net/ark:/65665/3dfce011e-a7d3-4a42-b3c6-cdb858bfa80f
2042738,1085865,Rosales,Fabaceae,legumes,M. V. Walcott,1905,Canada,British Columbia,http://n2t.net/ark:/65665/3584c1c91-1fb6-42f3-9b46-1023610ae2c5
2039452,1433970,Rosales,Fabaceae,legumes,M. V. Walcott,1905,Canada,British Columbia,http://n2t.net/ark:/65665/356648341-00d4-4e41-9200-dcf9a01f01b9
3237561,1085841,Gentianales,Gentianaceae,Gentians,M. V. Walcott,1905,Canada,British Columbia,http://n2t.net/ark:/65665/38f6139ef-6ee8-431a-86f1-2943acbc0e32
1361477,1085859,Myrtales,Onagraceae,Evening primroses,M. V. Walcott,1905,Canada,British Columbia,http://n2t.net/ark:/65665/31e506ae0-07af-477d-9c6d-f73068f27673
1362115,1085858,Myrtales,Onagraceae,Evening primroses,M. V. Walcott,1905,Canada,British Columbia,http://n2t.net/ark:/65665/397093a46-4e7c-4b83-a0ee-572816817699
451236,888537,Orchidales,Orchidaceae,Orchids,M. V. Walcott,1905,Canada,British Columbia,http://n2t.net/ark:/65665/32dc0ff7f-8ce0-400c-8c61-56257d8b1802
466849,1433971,Orchidales,Orchidaceae,Orchids,M. V. Walcott,1905,Canada,British Columbia,http://n2t.net/ark:/65665/3bfe9e4cf-6557-4d37-bfaa-5c1f7435e7dd
6400,1085914,Orchidales,Orchidaceae,Orchids,M. V. Walcott,1905,Canada,British Columbia,http://n2t.net/ark:/65665/328398cdf-e857-44b6-a840-b2f8c87123f3
6661,1085915,Orchidales,Orchidaceae,Orchids,M. V. Walcott,1905,Canada,British Columbia,http://n2t.net/ark:/65665/3d15fa0cb-a22d-4ea6-bc95-a857d610db04
2067263,1433952,Coniferales,Pinaceae,Pine family,M. V. Walcott,1905,Canada,British Columbia,http://n2t.net/ark:/65665/32cf3e708-cb11-4451-9a64-419dcc394a71
3286586,1085900,Polygonales,Polygonaceae,Buckwheats,M. V. Walcott,1905,Canada,British Columbia,http://n2t.net/ark:/65665/374c2fef1-8bca-46b3-b9d2-22441fc5e7cc
3123578,1433972,Primulales,Primulaceae,Primroses,M. V. Walcott,1905,Canada,British Columbia,http://n2t.net/ark:/65665/39839f34e-9183-4a38-93d5-35a2ef9789e7
3119654,1433953,Primulales,Primulaceae,Primroses,M. V. Walcott,1905,Canada,British Columbia,http://n2t.net/ark:/65665/3c5fe18d3-c5d3-424d-a37f-4fad5196e1ba
1487260,1085916,Polypodiales,Pteridaceae,Brake family,M. V. Walcott,1905,Canada,British Columbia,http://n2t.net/ark:/65665/323657f34-14cf-493a-85aa-e57c0bb75297
3103079,1433957,Ericales,Pyrolaceae,Heather family,M. V. Walcott,1905,Canada,British Columbia,http://n2t.net/ark:/65665/3a28907a4-5c74-4d5c-a797-348a24544455
3104843,1085854,Ericales,Pyrolaceae,Heather family,M. V. Walcott,1905,Canada,British Columbia,http://n2t.net/ark:/65665/3afbc2ed4-b353-49f0-bb04-c0008b2750b6
3105168,1085856,Ericales,Pyrolaceae,Heather family,M. V. Walcott,1905,Canada,British Columbia,http://n2t.net/ark:/65665/398ccb2f6-57fd-460c-8b10-d87f44c38fca
2793495,1085827,Dipsacales,Valerianaceae,Honeysuckle family,M. V. Walcott,1905,Canada,British Columbia,http://n2t.net/ark:/65665/3272c1664-c26d-47e2-b14b-313e6c0acbf3
3011299,1085860,Violales,Violaceae,Violet family,M. V. Walcott,1905,Canada,British Columbia,http://n2t.net/ark:/65665/3cf7ab578-4433-49be-8900-a9bbdb0ec8b9
3012117,1433969,Violales,Violaceae,Violet family,M. V. Walcott,1905,Canada,British Columbia,http://n2t.net/ark:/65665/3d744b14a-3dcc-4d1c-8e43-610ebc4a6319
3012424,1085861,Violales,Violaceae,Violet family,M. V. Walcott,1905,Canada,British Columbia,http://n2t.net/ark:/65665/3575e3225-00cc-4d69-9e54-572ad587505c
2799515,1836928,Lamiales,Lamiaceae,Mints,M. V. Walcott,1905,United States,California,http://n2t.net/ark:/65665/34b68ce4f-4fdd-4124-bd05-28bbf3c2daf8
3158105,1534408,Solanales,Polemoniaceae,Pholox family,M. V. Walcott,1905,United States,Colorado,http://n2t.net/ark:/65665/39dba14ad-ecf3-4a5a-9042-b51ed56f967a
76824,1085910,Orchidales,Orchidaceae,Orchids,M. V. Walcott,1905,Canada,Ontario,http://n2t.net/ark:/65665/32e8c7b63-8af2-49df-bfea-62ae485db87d
1711046,1433974,Asterales,Asteraceae,Daisy family ,M. V. Walcott,1905,Canada,Saskatchewan,http://n2t.net/ark:/65665/3be397332-e933-488e-895c-b72e211293ea
903965,1631703,Asterales,Campanulaceae,Bellflower family,M. V. Walcott,1905,United States,Utah,http://n2t.net/ark:/65665/30cbfb3d1-80d2-4a4f-b7bd-3e8ce7c97edf
1271916,1534407,Myrtales,Onagraceae,Evening primroses,M. V. Walcott,1905,United States,Utah,http://n2t.net/ark:/65665/37f8caad2-e114-4757-9c97-78f3266ab6a5
1272253,1534406,Myrtales,Onagraceae,Evening primroses,M. V. Walcott,1905,United States,Utah,http://n2t.net/ark:/65665/3eaac01fb-2b5a-4eb8-adc3-5221e42e4a2b
2744553,,Coniferales,Pinaceae,Pine family,M. V. Walcott,1905,United States,Utah,http://n2t.net/ark:/65665/31b226bd9-f5c6-4229-8e21-8efd938e1b28
2063288,1631704,Coniferales,Pinaceae,Pine family,M. V. Walcott,1905,United States,Utah,http://n2t.net/ark:/65665/37b8b15dd-540c-4068-8198-9e8be66e6804
3179075,1534405,Solanales,Polemoniaceae,Pholox family,M. V. Walcott,1905,United States,Utah,http://n2t.net/ark:/65665/362a36d95-d21c-44bd-ae63-740fb9ea3111
1128870,1476220,Lamiales,Ehretiaceae,Ehretiaceae,M. V. Walcott,1915,Puerto Rico,Guánica,http://n2t.net/ark:/65665/36c923042-28d5-4b3c-8433-de3942fa9773
1835590,888531,Asterales,Asteraceae,Daisy family ,M. V. Walcott,1918,Canada,British Columbia,http://n2t.net/ark:/65665/39c0ecd1a-bcb4-4a6d-beb2-9dbb5e674940
2773176,888532,Lamiales,Lamiaceae,Mints,M. V. Walcott,1918,Canada,British Columbia,http://n2t.net/ark:/65665/3345bd043-d9ed-4088-8e97-fc52ec5491d6
2788940,1085831,Dipsacales,Caprifoliaceae,Honeysuckle family,M. V. Walcott,1919,Canada,Alberta,http://n2t.net/ark:/65665/3611c5f03-4378-4aa4-90f6-68ca379d2502
2441249,1085862,Rosales,Fabaceae,legumes,M. V. Walcott,1919,Canada,Alberta,http://n2t.net/ark:/65665/3acc97365-d888-4c19-96ee-709be1617176
2445163,1085863,Rosales,Fabaceae,legumes,M. V. Walcott,1919,Canada,Alberta,http://n2t.net/ark:/65665/39ecb7942-4beb-4448-87f3-06ba1c398065
22480,1085909,Orchidales,Orchidaceae,Orchids,M. V. Walcott,1919,Canada,Alberta,http://n2t.net/ark:/65665/3efa62041-ef35-4148-b25e-87b6ad575c9d
5815,1085907,Orchidales,Orchidaceae,Orchids,M. V. Walcott,1919,Canada,Alberta,http://n2t.net/ark:/65665/3e03834da-1f63-4d40-ae86-b8f4cdaead7c
3128768,1085843,Primulales,Primulaceae,Primroses,M. V. Walcott,1919,Canada,Alberta,http://n2t.net/ark:/65665/31a423a1f-ddc3-4b28-aaa7-a61c821cd354
3103475,1085855,Ericales,Pyrolaceae,Heather family,M. V. Walcott,1919,Canada,Alberta,http://n2t.net/ark:/65665/38dc62290-5a2c-45d1-8a44-d06fdaf7c696
2556939,1085834,Rubiales,Rubiaceae,Madder family,M. V. Walcott,1919,Canada,Alberta,http://n2t.net/ark:/65665/38efac910-b1dd-4632-bc31-7f544858ba32
2913087,1085840,Lamiales,Boraginaceae,Borages ,M. V. Walcott,1919,Canada,British Columbia,http://n2t.net/ark:/65665/347252d66-6fd9-4e17-8cc5-bb479263c61a
2104215,1433975,Cyperales,Cyperaceae,Sedges,M. V. Walcott,1921,Canada,Alberta,http://n2t.net/ark:/65665/34490058c-a728-40c8-b5ed-73e3dd8285e6
1686082,1433951,Asterales,Asteraceae,Daisy family ,M. V. Walcott,1921,Canada,British Columbia,http://n2t.net/ark:/65665/3c547178f-cbdb-4f80-b20f-1ff0dac96ccf
1242759,1243753,Malvales,Malvaceae,Mallows,M. V. Walcott,1926,United States,California,http://n2t.net/ark:/65665/30e90c434-0601-4e4f-bcaf-041f68369837
1863773,1287593,Sapindales,Aceraceae,Maple family,M. V. Walcott,1926,United States,South Carolina,http://n2t.net/ark:/65665/310ab5d58-ce3f-4d2f-9823-52fa3433b0e3
3350719,1287592,Celastrales,Aquifoliaceae,Holly,M. V. Walcott,1926,United States,South Carolina,http://n2t.net/ark:/65665/3ade313f6-1b3e-4d9c-93a1-0b4f78b06476
2987820,1287594,Ericales,Ericaceae,Heather family,M. V. Walcott,1926,United States,South Carolina,http://n2t.net/ark:/65665/348495f17-7365-4381-b830-bf53990cfd14
2065164,1287591,Coniferales,Pinaceae,Pine family,M. V. Walcott,1926,United States,South Carolina,http://n2t.net/ark:/65665/3ec9ee979-a0d5-4450-93e8-0f60fd223a43
1957113,1438341,Gentianales,Gentianaceae,Gentians,M. V. Walcott,1929,Canada,Alberta,http://n2t.net/ark:/65665/3ec57e3a0-dfb9-4c13-81b1-19ae74bc2574
19821,1438342,Orchidales,Orchidaceae,Orchids,M. V. Walcott,1929,United States,California,http://n2t.net/ark:/65665/3ab7cef3d-5014-4e5a-b1d6-e9c3ca3e6750
2062546,1438343,Taxales,Taxaceae,Yews,M. V. Walcott,1929,United States,California,http://n2t.net/ark:/65665/399a0c0e2-3340-4d43-a5ec-40af3607930c
175935,1631706,Caryophyllales,Cactaceae,Cactus,M. V. Walcott,1934,United States,New Mexico,http://n2t.net/ark:/65665/3b7e8cbab-d6d8-4b4c-a7c5-7a89fb2504ea
2297760,1814831,Rosales,Fabaceae,legumes,M. V. Walcott,1937,United States,Colorado,http://n2t.net/ark:/65665/376c40e42-bb44-4fa5-acd3-9a504e664df5
2157545,1828597,Asterales,Asteraceae,Daisy family ,M. V. Walcott,,United States,Arizona,http://n2t.net/ark:/65665/3deb451ea-5d05-4abe-8c08-c12da6ad631f
3235003,1828596,Gentianales,Gentianaceae,Gentians,M. V. Walcott,,United States,California,http://n2t.net/ark:/65665/38cc5a67c-25be-4dd3-bf57-c39aa9f1bfa6
2910825,1619162,Lamiales,Boraginaceae,Borages ,M. V. Walcott,,Canada,Alberta,http://n2t.net/ark:/65665/3ff6b29fe-ee28-4b3f-835a-bed079686e52
2276327,16191610,Rosales,Fabaceae,legumes,M. V. Walcott,,Canada,Alberta,http://n2t.net/ark:/65665/39ed97202-6f7a-4bfb-99c4-646f97f465a3
3233558,1619168,Gentianales,Gentianaceae,Gentians,M. V. Walcott,,Canada,Alberta,http://n2t.net/ark:/65665/3019c952b-4a50-4234-8db2-b81851745410
3234323,1619166,Gentianales,Gentianaceae,Gentians,M. V. Walcott,,Canada,Alberta,http://n2t.net/ark:/65665/3cbc7fea8-85ab-45d7-9007-966922aca5d6
3187687,1619161,Solanales,Hydrophyllaceae,Waterleaf family,M. V. Walcott,,Canada,Alberta,http://n2t.net/ark:/65665/34fb42e33-3de6-4200-a69b-612739640d90
3255532,1619154,Gentianales,Asclepiadaceae,Milkweeds,M. V. Walcott,,Canada,British Columbia,http://n2t.net/ark:/65665/31a0e0770-852f-4bf7-8e8d-6aa7f2707863
1763516,,Asterales,Asteraceae,Daisy family ,M. V. Walcott,,Canada,British Columbia,http://n2t.net/ark:/65665/3680ffa74-e162-4627-b0d3-7439f6f7fe5f
2157903,69784,Asterales,Asteraceae,Daisy family ,M. V. Walcott,,Canada,British Columbia,http://n2t.net/ark:/65665/347856bc4-a0bd-475a-bc1c-44f5bde71eb5
2177129,74632,Asterales,Asteraceae,Daisy family ,M. V. Walcott,,Canada,British Columbia,http://n2t.net/ark:/65665/3466ff256-e8c9-4281-b3a4-4f6605b4c8b7
1440112,1085820,Asterales,Asteraceae,Daisy family ,M. V. Walcott,,Canada,British Columbia,http://n2t.net/ark:/65665/38c41b01a-121f-4323-b5ea-6bae7382b097
2174795,74096,Asterales,Asteraceae,Daisy family ,M. V. Walcott,,Canada,British Columbia,http://n2t.net/ark:/65665/3f5eb070f-5a46-49ec-aa3c-3c60471873a3
1863110,72959,Asterales,Asteraceae,Daisy family ,M. V. Walcott,,Canada,British Columbia,http://n2t.net/ark:/65665/305a82f92-3fff-4da8-b5c7-14fe135503b4
1697706,,Asterales,Asteraceae,Daisy family ,M. V. Walcott,,Canada,British Columbia,http://n2t.net/ark:/65665/37500ef2a-33c0-4a9b-870e-4458ffdd50e7
492011,1085828,Asterales,Campanulaceae,Bellflower family,M. V. Walcott,,Canada,British Columbia,http://n2t.net/ark:/65665/3d9b447e0-524b-4bfe-bcd7-a00f9dd295bb
967732,1619153,Asterales,Campanulaceae,Bellflower family,M. V. Walcott,,Canada,British Columbia,http://n2t.net/ark:/65665/32c667198-78ec-4ea0-9107-a79b2a4d1fc4
2329520,1619144,Rosales,Fabaceae,legumes,M. V. Walcott,,Canada,British Columbia,http://n2t.net/ark:/65665/321dd95c5-935d-4510-a52b-7c250ffc5555
3187418,1619149,Solanales,Hydrophyllaceae,Waterleaf family,M. V. Walcott,,Canada,British Columbia,http://n2t.net/ark:/65665/36c31c4cc-4ac2-4c4c-b45c-cfd1ddda7db7
466889,1619146,Orchidales,Orchidaceae,Orchids,M. V. Walcott,,Canada,British Columbia,http://n2t.net/ark:/65665/310c05d0a-5e04-45ff-b373-d822a8ccb142
5743,1619152,Orchidales,Orchidaceae,Orchids,M. V. Walcott,,Canada,British Columbia,http://n2t.net/ark:/65665/3ba73bdef-a9bf-4309-ae1e-649e90a44f41
20480,1085913,Orchidales,Orchidaceae,Orchids,M. V. Walcott,,Canada,British Columbia,http://n2t.net/ark:/65665/34b9fe104-d725-4d19-8d0c-cf0bd6339d18
3012414,1619145,Violales,Violaceae,Violet family,M. V. Walcott,,Canada,British Columbia,http://n2t.net/ark:/65665/360302ce7-6ca8-4056-8edd-e0f2534c7c55
1924497,1619155,Santalales,Santalaceae,Santalaceae,M. V. Walcott,,Canada,British Columbia,http://n2t.net/ark:/65665/3a3d62847-e5d4-4d8d-975d-d61f68523c73